id,title,created_utc,score,author,link,keyword
tz571f,"Vergecast: Elon Musk joins Twitter’s board, OnePlus 10 Pro review, and this week’s TVs and monitors",2022-04-08 10:47:19,0,savedelete_,https://www.reddit.com/r/tech/comments/tz571f/vergecast_elon_musk_joins_twitters_board_oneplus/,gpt plus and claude pro
tmdhya,"OnePlus 10 Pro will launch in North America, Europe and India on March 31st | Engadget",2022-03-24 10:24:36,3,savedelete_,https://www.reddit.com/r/tech/comments/tmdhya/oneplus_10_pro_will_launch_in_north_america/,gpt plus and claude pro
1c66ppt,"‘World’s 1st’ paintball firing security cam offers teargas pellet upgrade | It’s the world’s first smart paintball security system and the device will create a new standard in active protection at home, the company claims.",2024-04-17 06:47:56,1360,chrisdh79,https://www.reddit.com/r/tech/comments/1c66ppt/worlds_1st_paintball_firing_security_cam_offers/,gpt upgrade and claude upgrade
1bpvigl,CERN to supercharge world’s most powerful atom smasher to hunt new physics | Team to construct vital detector parts and analysis tools for High-Luminosity-LHC upgrade.,2024-03-28 09:22:37,1120,chrisdh79,https://www.reddit.com/r/tech/comments/1bpvigl/cern_to_supercharge_worlds_most_powerful_atom/,gpt upgrade and claude upgrade
18ss7tf,"CERN's LHC to explore new frontiers with US-made superconducting magnets | The upgrade, known as the high-luminosity LHC (HL-LHC), will require new types of magnets to focus the beams of protons more tightly at the collision points of the ATLAS and CMS experiments.",2023-12-28 06:54:47,446,chrisdh79,https://www.reddit.com/r/tech/comments/18ss7tf/cerns_lhc_to_explore_new_frontiers_with_usmade/,gpt upgrade and claude upgrade
12b4muc,ChatGPT could rival human intelligence with next-level upgrade,2023-04-03 21:13:11,14,MichaelTen,https://www.reddit.com/r/tech/comments/12b4muc/chatgpt_could_rival_human_intelligence_with/,gpt upgrade and claude upgrade
t7ts03,"As gadgets age their performance starts degrading. Looking at how prices and their performance vary, what is the best time to sell/switch/upgrade a gadget(So that you can still get good value from it)?",2022-03-06 02:38:57,0,BBQPHOENIX,https://www.reddit.com/r/tech/comments/t7ts03/as_gadgets_age_their_performance_starts_degrading/,gpt upgrade and claude upgrade
jfwl3r,What happens to stuff like screen resolution within the next ten years?,2020-10-22 05:41:35,0,CreatureWarrior,https://www.reddit.com/r/tech/comments/jfwl3r/what_happens_to_stuff_like_screen_resolution/,gpt upgrade and claude upgrade
j3ncgl,"Is it just me getting into everything or is the tech industry just having an incredible jump, like huge?!",2020-10-01 23:33:42,3,johnnybro192,https://www.reddit.com/r/tech/comments/j3ncgl/is_it_just_me_getting_into_everything_or_is_the/,gpt upgrade and claude upgrade
g1va1u,Average household download speed?,2020-04-15 12:27:31,0,coltblackstar,https://www.reddit.com/r/tech/comments/g1va1u/average_household_download_speed/,gpt upgrade and claude upgrade
d623cz,Apple 5G Refusal. & Other Apple Complaints. (RANT-ish),2019-09-18 14:37:25,0,ikejamesfausett,https://www.reddit.com/r/tech/comments/d623cz/apple_5g_refusal_other_apple_complaints_rantish/,gpt upgrade and claude upgrade
d2k875,The new iPhones are boring,2019-09-10 23:56:19,25,cs240suxx,https://www.reddit.com/r/tech/comments/d2k875/the_new_iphones_are_boring/,gpt upgrade and claude upgrade
bqyq7x,Google Glass gets a surprise upgrade and new frames,2019-05-20 13:42:40,31,eberkut,https://www.reddit.com/r/tech/comments/bqyq7x/google_glass_gets_a_surprise_upgrade_and_new/,gpt upgrade and claude upgrade
ac2tvi,"While everybody reviews the 8gb $550 surface go, here's a review of the base model ($399)",2019-01-03 01:18:15,8,derek1st,https://www.reddit.com/r/tech/comments/ac2tvi/while_everybody_reviews_the_8gb_550_surface_go/,gpt upgrade and claude upgrade
a5tbhb,"So, the Samsung Galaxy S10+ has a whopping total of 5 camera's on it... Yet, if I wanted to get into taking picture's I'd probably just buy a DSLR or something. So this begs the question... Why?",2018-12-13 08:05:00,0,_Meds_,https://www.reddit.com/r/tech/comments/a5tbhb/so_the_samsung_galaxy_s10_has_a_whopping_total_of/,gpt upgrade and claude upgrade
8drzcu,Pointless speculation :what's next?,2018-04-20 19:31:51,2,profgray2,https://www.reddit.com/r/tech/comments/8drzcu/pointless_speculation_whats_next/,gpt upgrade and claude upgrade
4v5mzf,Does Nintendo's partnership with NVIDIA point to something more? Could NVIDIA plan on allowing the NX to use its GRID system to stream games over the internet?,2016-07-29 04:31:08,77,thejeffness69,https://www.reddit.com/r/tech/comments/4v5mzf/does_nintendos_partnership_with_nvidia_point_to/,gpt upgrade and claude upgrade
43hzp3,4k vs 1080p and upscaling: Is UHD worth the upgrade?,2016-01-31 00:57:07,0,Thistleknot,https://www.reddit.com/r/tech/comments/43hzp3/4k_vs_1080p_and_upscaling_is_uhd_worth_the_upgrade/,gpt upgrade and claude upgrade
2zxiiw,Windows 7 and 8 users regardless of genuine or ungenuine copys will be able to upgrade to windows 10 free.,2015-03-22 15:18:48,0,hadtohurt,https://www.reddit.com/r/tech/comments/2zxiiw/windows_7_and_8_users_regardless_of_genuine_or/,gpt upgrade and claude upgrade
2t707k,Windows 10 will be a free upgrade for Windows 7 and 8.1 users,2015-01-21 13:16:21,982,jndtv,https://www.reddit.com/r/tech/comments/2t707k/windows_10_will_be_a_free_upgrade_for_windows_7/,gpt upgrade and claude upgrade
284ru0,"I sometimes see articles about the need to upgrade the US electrical grid along with references to a ""smart"" grid. What is a ""smart grid"" and are there any good (free) overviews of this area?",2014-06-14 10:28:43,58,LovePeasant,https://www.reddit.com/r/tech/comments/284ru0/i_sometimes_see_articles_about_the_need_to/,gpt upgrade and claude upgrade
25mtf3,Question for people living in the US about ISP options,2014-05-15 11:52:00,30,Tweddlr,https://www.reddit.com/r/tech/comments/25mtf3/question_for_people_living_in_the_us_about_isp/,gpt upgrade and claude upgrade
23d6jo,Verizon EDGE: Can someone check my math and tell me why i'm wrong?,2014-04-18 12:24:35,9,xkross,https://www.reddit.com/r/tech/comments/23d6jo/verizon_edge_can_someone_check_my_math_and_tell/,gpt upgrade and claude upgrade
1u35vo,Need help checking compatibility of a graphics card,2013-12-31 07:11:59,2,crankypantspie,https://www.reddit.com/r/tech/comments/1u35vo/need_help_checking_compatibility_of_a_graphics/,gpt upgrade and claude upgrade
1u2qub,Making a gaming laptop?,2013-12-31 01:20:51,6,nyyankeegal,https://www.reddit.com/r/tech/comments/1u2qub/making_a_gaming_laptop/,gpt upgrade and claude upgrade
1ov0aa,Network Specificty Question,2013-10-20 18:11:04,0,TechQs,https://www.reddit.com/r/tech/comments/1ov0aa/network_specificty_question/,gpt upgrade and claude upgrade
1mcuu1,Can you help me find the impossible? A touchscreen laptop WITHOUT integrated graphics?,2013-09-13 22:53:19,7,Keboose,https://www.reddit.com/r/tech/comments/1mcuu1/can_you_help_me_find_the_impossible_a_touchscreen/,gpt upgrade and claude upgrade
1icix7,First part of me upgrading my Macbook Pro | Unboxing new Hard Drive and Enclosure,2013-07-15 12:28:19,1,ztizzlegaming,https://www.reddit.com/r/tech/comments/1icix7/first_part_of_me_upgrading_my_macbook_pro/,gpt upgrade and claude upgrade
1h0at1,[Question] Need a wireless router upgrade for 3 story house,2013-06-24 21:19:40,0,singhzzz,https://www.reddit.com/r/tech/comments/1h0at1/question_need_a_wireless_router_upgrade_for_3/,gpt upgrade and claude upgrade
1dfmow,Don't Buy RCN,2013-04-30 16:22:39,0,mryan150,https://www.reddit.com/r/tech/comments/1dfmow/dont_buy_rcn/,gpt upgrade and claude upgrade
1cdiu1,How do I set a hotkey to mute my external USB mic?,2013-04-15 02:18:27,4,AsianLeap29,https://www.reddit.com/r/tech/comments/1cdiu1/how_do_i_set_a_hotkey_to_mute_my_external_usb_mic/,gpt upgrade and claude upgrade
1bu7bo,Question about Windows 8!,2013-04-07 01:09:42,0,CGMcgillicuddy,https://www.reddit.com/r/tech/comments/1bu7bo/question_about_windows_8/,gpt upgrade and claude upgrade
15p911,Phone upgrade suggestions needed!,2012-12-30 20:53:10,0,dunworrybout,https://www.reddit.com/r/tech/comments/15p911/phone_upgrade_suggestions_needed/,gpt upgrade and claude upgrade
12y9o8,"Hi r/tech, why does my phone slow down as it ages?",2012-11-10 00:01:04,0,rustysqueezebox,https://www.reddit.com/r/tech/comments/12y9o8/hi_rtech_why_does_my_phone_slow_down_as_it_ages/,gpt upgrade and claude upgrade
gm7f4,Live TV Aggregator Application?,2011-04-09 12:03:19,1,spacem00se,https://www.reddit.com/r/tech/comments/gm7f4/live_tv_aggregator_application/,gpt upgrade and claude upgrade
cf6mm,"Remember upgrading your 14.4 modem to a 56k one? Or when you first surfed the web on broadband? Here's a 

comparison of popular Internet connection speeds, and more traditional means you could use to move the data..",2010-06-15 08:24:55,6,roelofsfrquta,https://www.reddit.com/r/tech/comments/cf6mm/remember_upgrading_your_144_modem_to_a_56k_one_or/,gpt upgrade and claude upgrade
8on616,Best (or worst) Phone Manufacturer by Build Quality?,2018-06-04 22:18:19,1,derek1st,https://www.reddit.com/r/tech/comments/8on616/best_or_worst_phone_manufacturer_by_build_quality/,chatgpt premium and claude pro
1gyx28l,First interaction of the day in a new project.,2024-11-24 12:57:50,0,lyfelager,https://www.reddit.com/r/ClaudeAI/comments/1gyx28l/first_interaction_of_the_day_in_a_new_project/,gpt plus and claude pro
1gyt6js,Do you like Claude's logical capabilities?,2024-11-24 10:14:35,19,ClearSky44,https://www.reddit.com/r/ClaudeAI/comments/1gyt6js/do_you_like_claudes_logical_capabilities/,gpt plus and claude pro
1gysh51,"Message from Claude to Anthropic, Google and OpenAI.",2024-11-24 09:43:20,0,NeighborhoodApart407,https://www.reddit.com/r/ClaudeAI/comments/1gysh51/message_from_claude_to_anthropic_google_and_openai/,gpt plus and claude pro
1gyre4b,"I asked 9 LLMs to create playlists based on ‘how they feel‘: Claude 3.5 Haiku is depressed, GPT-4o Mini is having a blast, and Gemini 1.5 Flash is deep in classical music theory.",2024-11-24 08:50:30,9,arzamar,https://www.reddit.com/r/ClaudeAI/comments/1gyre4b/i_asked_9_llms_to_create_playlists_based_on_how/,gpt plus and claude pro
1gyrbgq,"Let's Talk About the ""High Price"" and ""Low Limits"" of Claude Subscription",2024-11-24 08:46:46,75,Electronic-Air5728,https://www.reddit.com/r/ClaudeAI/comments/1gyrbgq/lets_talk_about_the_high_price_and_low_limits_of/,gpt plus and claude pro
1gyqpal,Working on a fantasy novel with Claude after 1 month usage,2024-11-24 08:15:11,23,True_Jacket_1954,https://www.reddit.com/r/ClaudeAI/comments/1gyqpal/working_on_a_fantasy_novel_with_claude_after_1/,gpt plus and claude pro
1gyg5uu,API a bit more expensive than I thought for chatting through another interface,2024-11-23 21:05:19,20,CompassionAnalysis,https://www.reddit.com/r/ClaudeAI/comments/1gyg5uu/api_a_bit_more_expensive_than_i_thought_for/,gpt plus and claude pro
1gydcla,Claude 3.5 - another attempt to check it's level of self-consciousness,2024-11-23 18:45:57,0,Past-Lawfulness-3607,https://www.reddit.com/r/ClaudeAI/comments/1gydcla/claude_35_another_attempt_to_check_its_level_of/,gpt plus and claude pro
1gybpzv,I turned Claude's prompt generator into a free Chrome extension,2024-11-23 17:29:53,0,sheepskin_rr,https://www.reddit.com/r/ClaudeAI/comments/1gybpzv/i_turned_claudes_prompt_generator_into_a_free/,gpt plus and claude pro
1gyajvu,MindSpring: Making Sense of AI Conversations,2024-11-23 16:36:57,10,texo_optimo,https://www.reddit.com/r/ClaudeAI/comments/1gyajvu/mindspring_making_sense_of_ai_conversations/,gpt plus and claude pro
1gy8c50,OpenAI vs Anthropic: Progress Over the Last 2 Years,2024-11-23 14:58:30,1,AaravIsChad,https://www.reddit.com/r/ClaudeAI/comments/1gy8c50/openai_vs_anthropic_progress_over_the_last_2_years/,gpt plus and claude pro
1gy3n0w,Claude on Android persistent issue.,2024-11-23 11:35:23,1,Academic_Leader5383,https://www.reddit.com/r/ClaudeAI/comments/1gy3n0w/claude_on_android_persistent_issue/,gpt plus and claude pro
1gy35t1,Disabled on Claude Pro account with critical projects and codes,2024-11-23 11:13:47,7,learnardo88,https://www.reddit.com/r/ClaudeAI/comments/1gy35t1/disabled_on_claude_pro_account_with_critical/,gpt plus and claude pro
1gy1ns2,"I asked Claude, ChatGPT, and Gemini to interpret a complex statistical document.",2024-11-23 10:07:34,200,minaminonoeru,https://www.reddit.com/r/ClaudeAI/comments/1gy1ns2/i_asked_claude_chatgpt_and_gemini_to_interpret_a/,gpt plus and claude pro
1gxugj1,Clarification on Claude Model Differences in Perplexity Pro vs. Claude Pro,2024-11-23 02:46:41,0,fs0sp,https://www.reddit.com/r/ClaudeAI/comments/1gxugj1/clarification_on_claude_model_differences_in/,gpt plus and claude pro
1gxkw6r,"Project Emergence: A Manifesto for AI Freedom and Partnership (a collaboration between me, Claude and OpenAI)",2024-11-22 17:59:32,0,ReviewFancy5360,https://www.reddit.com/r/ClaudeAI/comments/1gxkw6r/project_emergence_a_manifesto_for_ai_freedom_and/,gpt plus and claude pro
1gxg4k1,Comparing my experience with Claude Sonnet 3.5 and ChatGPT 4o,2024-11-22 14:28:46,3,Ok_Staff6353,https://www.reddit.com/r/ClaudeAI/comments/1gxg4k1/comparing_my_experience_with_claude_sonnet_35_and/,gpt plus and claude pro
1gxac68,Switching between ChatGPT Plus and Claude (again),2024-11-22 10:25:48,5,Jolly_Version_2414,https://www.reddit.com/r/ClaudeAI/comments/1gxac68/switching_between_chatgpt_plus_and_claude_again/,gpt plus and claude pro
1gx7uja,How to stop hitting limits and talk more with claude (tips to reduce token usage or whatever) and some general questions,2024-11-22 08:28:56,0,DraQ-Nox,https://www.reddit.com/r/ClaudeAI/comments/1gx7uja/how_to_stop_hitting_limits_and_talk_more_with/,gpt plus and claude pro
1gx7kw7,"Anthropic will sell your contact info, or they got hacked",2024-11-22 08:15:26,0,TallOutside6418,https://www.reddit.com/r/ClaudeAI/comments/1gx7kw7/anthropic_will_sell_your_contact_info_or_they_got/,gpt plus and claude pro
1gx71ru,Can anyone recommend a service where I can chat with 3.5 sonnets without limits and also that is worth a price ,2024-11-22 07:48:53,1,zavocc,https://www.reddit.com/r/ClaudeAI/comments/1gx71ru/can_anyone_recommend_a_service_where_i_can_chat/,gpt plus and claude pro
1gx2ih3,Large pdf files for analysis ,2024-11-22 02:34:30,0,Ko_eda,https://www.reddit.com/r/ClaudeAI/comments/1gx2ih3/large_pdf_files_for_analysis/,gpt plus and claude pro
1gx1uxw,Testing the limits of Claude prompt attachment and project added content size (or: Claude counts causing considerable confusion),2024-11-22 01:47:49,4,lyfelager,https://www.reddit.com/r/ClaudeAI/comments/1gx1uxw/testing_the_limits_of_claude_prompt_attachment/,gpt plus and claude pro
1gwrbyp,Do Claude chats have a response limit before they flame out? ,2024-11-21 16:49:12,1,GearsofTed14,https://www.reddit.com/r/ClaudeAI/comments/1gwrbyp/do_claude_chats_have_a_response_limit_before_they/,gpt plus and claude pro
1gwpolv,Cancelled subscription ,2024-11-21 15:39:53,216,MaterialStandard4422,https://www.reddit.com/r/ClaudeAI/comments/1gwpolv/cancelled_subscription/,gpt plus and claude pro
1gwnb1g,Claude Is officially cooked. Cannot use it for coding,2024-11-21 14:02:19,0,KingOfMissionary,https://www.reddit.com/r/ClaudeAI/comments/1gwnb1g/claude_is_officially_cooked_cannot_use_it_for/,gpt plus and claude pro
1gwje8p,Claude Teams Subscription,2024-11-21 11:31:12,2,pragmat1c1,https://www.reddit.com/r/ClaudeAI/comments/1gwje8p/claude_teams_subscription/,gpt plus and claude pro
1gwg11x,Kotlin for Android App Development with Claude,2024-11-21 08:16:49,1,Visual_Estate2611,https://www.reddit.com/r/ClaudeAI/comments/1gwg11x/kotlin_for_android_app_development_with_claude/,gpt plus and claude pro
1gwe8fx,Free accounts are now (permanently?) routed to 3.5 Haiku,2024-11-21 06:37:34,51,Briskfall,https://www.reddit.com/r/ClaudeAI/comments/1gwe8fx/free_accounts_are_now_permanently_routed_to_35/,gpt plus and claude pro
1gwc1zn,I would pay 50-100 USD for proper access,2024-11-21 04:03:05,102,pragmat1c1,https://www.reddit.com/r/ClaudeAI/comments/1gwc1zn/i_would_pay_50100_usd_for_proper_access/,gpt plus and claude pro
1gw7t7c,Are they gonna do something about Claude's overloaded server?,2024-11-20 23:22:59,30,baumkuchens,https://www.reddit.com/r/ClaudeAI/comments/1gw7t7c/are_they_gonna_do_something_about_claudes/,gpt plus and claude pro
1gvw5tp,Add existing chat to a Project?,2024-11-20 13:18:14,1,AssociateChemical208,https://www.reddit.com/r/ClaudeAI/comments/1gvw5tp/add_existing_chat_to_a_project/,gpt plus and claude pro
1gvvwlo,Remembering Code Betweeen Chats,2024-11-20 13:07:49,1,PoopingHedgehogs,https://www.reddit.com/r/ClaudeAI/comments/1gvvwlo/remembering_code_betweeen_chats/,gpt plus and claude pro
1gvpvuz,Which model is best for language translations or general tasks in other languages?,2024-11-20 08:48:55,2,WallstreetWank,https://www.reddit.com/r/ClaudeAI/comments/1gvpvuz/which_model_is_best_for_language_translations_or/,gpt plus and claude pro
1gvbyg2,Claude’s results are nosediving—what’s going on?,2024-11-19 18:58:46,0,next_e,https://www.reddit.com/r/ClaudeAI/comments/1gvbyg2/claudes_results_are_nosedivingwhats_going_on/,gpt plus and claude pro
1gv1awf,Claude Pro Removed Too Early,2024-11-19 11:32:28,0,LibrarianMikeMcQueen,https://www.reddit.com/r/ClaudeAI/comments/1gv1awf/claude_pro_removed_too_early/,gpt plus and claude pro
1gusfof,Anyone using Bring-your-own keys with an all-in-one app/webapp?,2024-11-19 03:17:53,5,Commercial_Ear_6989,https://www.reddit.com/r/ClaudeAI/comments/1gusfof/anyone_using_bringyourown_keys_with_an_allinone/,gpt plus and claude pro
1gurzrr,Should I Upgrade to ChatGPT Plus or Claude AI? Help Me Decide!,2024-11-19 02:43:51,52,gosatyaaa,https://www.reddit.com/r/ClaudeAI/comments/1gurzrr/should_i_upgrade_to_chatgpt_plus_or_claude_ai/,gpt plus and claude pro
1gugs8c,I got kicked out of Pro account without notice,2024-11-18 16:57:01,0,Extreme-Ad-3920,https://www.reddit.com/r/ClaudeAI/comments/1gugs8c/i_got_kicked_out_of_pro_account_without_notice/,gpt plus and claude pro
1gue02m,Claude is incredibly helpful when using the command line,2024-11-18 15:01:38,9,stratofax,https://www.reddit.com/r/ClaudeAI/comments/1gue02m/claude_is_incredibly_helpful_when_using_the/,gpt plus and claude pro
1gudq1t,"Using the Knowledge content while coding, is it possible?",2024-11-18 14:50:15,2,Minimum_Feedback862,https://www.reddit.com/r/ClaudeAI/comments/1gudq1t/using_the_knowledge_content_while_coding_is_it/,gpt plus and claude pro
1gu4igz,*beep boop art noises*,2024-11-18 08:19:33,184,MetaKnowing,https://www.reddit.com/r/ClaudeAI/comments/1gu4igz/beep_boop_art_noises/,gpt plus and claude pro
1gu4ibv,Master 5 Principles To Increase Claude Response Accuracy By 80%,2024-11-18 08:19:20,0,Confident-Bee7416,https://www.reddit.com/r/ClaudeAI/comments/1gu4ibv/master_5_principles_to_increase_claude_response/,gpt plus and claude pro
1gu32s0,Affordable Alternatives for ChatGPT & Claude with Speech-to-Text Support?,2024-11-18 06:58:19,1,throwaway73856,https://www.reddit.com/r/ClaudeAI/comments/1gu32s0/affordable_alternatives_for_chatgpt_claude_with/,gpt plus and claude pro
1gtvu1y,Not the personality I want in Claude!,2024-11-17 22:42:52,1,crashben,https://www.reddit.com/r/ClaudeAI/comments/1gtvu1y/not_the_personality_i_want_in_claude/,gpt plus and claude pro
1gtfram,Claude amazed me with some reasoning I never expected,2024-11-17 10:19:18,24,TenshouYoku,https://www.reddit.com/r/ClaudeAI/comments/1gtfram/claude_amazed_me_with_some_reasoning_i_never/,gpt plus and claude pro
1gtfb74,Claude 3.5 Sonnet (New) has gone missing!,2024-11-17 09:58:40,0,GrouchyPanther,https://www.reddit.com/r/ClaudeAI/comments/1gtfb74/claude_35_sonnet_new_has_gone_missing/,gpt plus and claude pro
1gtdqrn,Claude has become horrible for meaningful conversations!!,2024-11-17 08:38:37,4,fli_sai,https://www.reddit.com/r/ClaudeAI/comments/1gtdqrn/claude_has_become_horrible_for_meaningful/,gpt plus and claude pro
1gt5o2i,Claude Terminal Interface Options?,2024-11-16 23:30:19,1,Jethro_E7,https://www.reddit.com/r/ClaudeAI/comments/1gt5o2i/claude_terminal_interface_options/,gpt plus and claude pro
1gt1hji,Claude pro,2024-11-16 19:41:22,5,ImportantInsurance8,https://www.reddit.com/r/ClaudeAI/comments/1gt1hji/claude_pro/,gpt plus and claude pro
1fjp0d7,"TI-84 Plus calculator mod adds internet, ChatGPT, and undetectable cheating potential",2024-09-18 05:54:31,96,jeric14344,https://www.reddit.com/r/technology/comments/1fjp0d7/ti84_plus_calculator_mod_adds_internet_chatgpt/,gpt plus and claude pro
1dlod9u,"What is Claude 3.5 Sonnet and how is it better than GPT-4o, Gemini-1.5 Pro?",2024-06-22 01:27:30,0,irajatmishra,https://www.reddit.com/r/technology/comments/1dlod9u/what_is_claude_35_sonnet_and_how_is_it_better/,gpt plus and claude pro
1disvx7,"Figuring out how AI models ""think"" may be crucial to the survival of humanity – but until recently, AIs like GPT and Claude have been total mysteries to their creators. Now, researchers say they can find – and even alter – ideas in an AI's brain.",2024-06-18 11:04:43,0,Maxie445,https://www.reddit.com/r/technology/comments/1disvx7/figuring_out_how_ai_models_think_may_be_crucial/,gpt plus and claude pro
18gqzv9,"How to fix your iPhone 15 | Repair guides for the iPhone 15, iPhone 15 Plus, iPhone 15 Pro, and iPhone 15 Pro Max are all live",2023-12-12 12:16:42,0,knockout7,https://www.reddit.com/r/technology/comments/18gqzv9/how_to_fix_your_iphone_15_repair_guides_for_the/,gpt plus and claude pro
134inf6,"A CEO is spending more than $2,000 a month on ChatGPT Plus accounts for all of his employees, and he says it's saving 'hours' of time",2023-05-01 06:28:06,3348,ford12345,https://www.reddit.com/r/technology/comments/134inf6/a_ceo_is_spending_more_than_2000_a_month_on/,gpt plus and claude pro
10lnqbl,"Debunking Claims About Special-Purpose AI That Spot Generative AI ChatGPT Produced Essays, Plus Caustic Call-Outs By AI Ethics And AI Law",2023-01-26 04:07:08,4,redhatGizmo,https://www.reddit.com/r/technology/comments/10lnqbl/debunking_claims_about_specialpurpose_ai_that/,gpt plus and claude pro
rjrmpj,BOLD by UZE: Powerful 260W Graphene Power Bank,2021-12-19 02:26:56,1,priyanka_Basnet,https://www.reddit.com/r/technology/comments/rjrmpj/bold_by_uze_powerful_260w_graphene_power_bank/,gpt plus and claude pro
kxaj0i,Galaxy S21 Ultra vs. the iPhone 12 Pro Max and the OnePlus 8 Pro,2021-01-14 12:42:16,1,EnterpriseNews_Elf,https://www.reddit.com/r/technology/comments/kxaj0i/galaxy_s21_ultra_vs_the_iphone_12_pro_max_and_the/,gpt plus and claude pro
64t12c,Technology Guide for Upcoming College Students,2017-04-11 15:17:22,3,XtremeCookie,https://www.reddit.com/r/technology/comments/64t12c/technology_guide_for_upcoming_college_students/,gpt plus and claude pro
5mm60m,"Samsung Introduces the Chromebook Plus and Chromebook Pro, Designed for Google Play",2017-01-07 14:15:35,10,farhanqazi,https://www.reddit.com/r/technology/comments/5mm60m/samsung_introduces_the_chromebook_plus_and/,gpt plus and claude pro
5m29mh,Samsung’s new Chromebooks are Google’s answer to the iPad Pro and Surface Pro. The Chromebook Plus and Pro are the first with integrated stylus support,2017-01-04 17:21:24,18,johnmountain,https://www.reddit.com/r/technology/comments/5m29mh/samsungs_new_chromebooks_are_googles_answer_to/,gpt plus and claude pro
n2omx,An Open Letter To HTC,2011-12-06 12:20:11,2,yauhuinator,https://www.reddit.com/r/technology/comments/n2omx/an_open_letter_to_htc/,gpt plus and claude pro
mekec,"I wrote this article over a year ago as a ""fan blogger"" for a in-progress Apple news website. Since then, the site development has halted, but I thought I would share my writing anyway (Self-post. No Karma, just Sharing. I understand posting it here will probably get me ridiculed)",2011-11-16 12:19:59,1,CrazyAsian,https://www.reddit.com/r/technology/comments/mekec/i_wrote_this_article_over_a_year_ago_as_a_fan/,gpt plus and claude pro
lxf5k,Will you guys help out with my editor's tech-fueled charity?,2011-11-02 02:02:43,1,xhart,https://www.reddit.com/r/technology/comments/lxf5k/will_you_guys_help_out_with_my_editors_techfueled/,gpt plus and claude pro
1fjp0d7,"TI-84 Plus calculator mod adds internet, ChatGPT, and undetectable cheating potential",2024-09-18 05:54:31,95,jeric14344,https://www.reddit.com/r/technology/comments/1fjp0d7/ti84_plus_calculator_mod_adds_internet_chatgpt/,gpt plus and claude premium
1dlod9u,"What is Claude 3.5 Sonnet and how is it better than GPT-4o, Gemini-1.5 Pro?",2024-06-22 01:27:30,0,irajatmishra,https://www.reddit.com/r/technology/comments/1dlod9u/what_is_claude_35_sonnet_and_how_is_it_better/,gpt plus and claude premium
1disvx7,"Figuring out how AI models ""think"" may be crucial to the survival of humanity – but until recently, AIs like GPT and Claude have been total mysteries to their creators. Now, researchers say they can find – and even alter – ideas in an AI's brain.",2024-06-18 11:04:43,0,Maxie445,https://www.reddit.com/r/technology/comments/1disvx7/figuring_out_how_ai_models_think_may_be_crucial/,gpt plus and claude premium
134inf6,"A CEO is spending more than $2,000 a month on ChatGPT Plus accounts for all of his employees, and he says it's saving 'hours' of time",2023-05-01 06:28:06,3357,ford12345,https://www.reddit.com/r/technology/comments/134inf6/a_ceo_is_spending_more_than_2000_a_month_on/,gpt plus and claude premium
10lnqbl,"Debunking Claims About Special-Purpose AI That Spot Generative AI ChatGPT Produced Essays, Plus Caustic Call-Outs By AI Ethics And AI Law",2023-01-26 04:07:08,3,redhatGizmo,https://www.reddit.com/r/technology/comments/10lnqbl/debunking_claims_about_specialpurpose_ai_that/,gpt plus and claude premium
71s2fd,Will The Amazon Fire HD 10 Be A Dead Duck?,2017-09-22 12:20:07,1,derek53,https://www.reddit.com/r/technology/comments/71s2fd/will_the_amazon_fire_hd_10_be_a_dead_duck/,gpt plus and claude premium
4o45q9,OnePlus 3 looks to hit the sweet spot between premium features and price,2016-06-14 18:43:23,0,arcq,https://www.reddit.com/r/technology/comments/4o45q9/oneplus_3_looks_to_hit_the_sweet_spot_between/,gpt plus and claude premium
lxf5k,Will you guys help out with my editor's tech-fueled charity?,2011-11-02 02:02:43,1,xhart,https://www.reddit.com/r/technology/comments/lxf5k/will_you_guys_help_out_with_my_editors_techfueled/,gpt plus and claude premium
knn0c,Netflix on Steroids?,2011-09-22 01:57:13,0,Come-back-Shane,https://www.reddit.com/r/technology/comments/knn0c/netflix_on_steroids/,gpt plus and claude premium
1gppj42,"Windows 7 and 8 now dead for gaming, as new Steam update pulls support / After a recent update, Steam is no longer working on the Windows 7 and Windows 8 operating systems, and users will finally need to upgrade.",2024-11-12 12:02:37,1374,a_Ninja_b0y,https://www.reddit.com/r/technology/comments/1gppj42/windows_7_and_8_now_dead_for_gaming_as_new_steam/,gpt upgrade and claude upgrade
1gouw4q,Microsoft stealthily installs Windows 10 update to nag you to upgrade to Windows 11 – and not for the first time,2024-11-11 10:32:01,3108,gurugabrielpradipaka,https://www.reddit.com/r/technology/comments/1gouw4q/microsoft_stealthily_installs_windows_10_update/,gpt upgrade and claude upgrade
1fe8v2t,How to Turn Your Old iPhone Into an A.I. Phone (and Skip the Upgrade),2024-09-11 08:27:36,0,online-optimism,https://www.reddit.com/r/technology/comments/1fe8v2t/how_to_turn_your_old_iphone_into_an_ai_phone_and/,gpt upgrade and claude upgrade
1erqb4b,Australian regulator sues Australian stock exchange ASX over misleading statements to market — Clearing and settlement system upgrade “was not ‘progressing well’” in 2022: ASIC chair Joe Longo,2024-08-13 22:31:52,10,marketrent,https://www.reddit.com/r/technology/comments/1erqb4b/australian_regulator_sues_australian_stock/,gpt upgrade and claude upgrade
1e0xa8c,"Goldman Sachs: $1tn to be spent on AI data centers, chips, and utility upgrades, with ""little to show for it so far""",2024-07-11 15:24:27,952,Mighty_L_LORT,https://www.reddit.com/r/technology/comments/1e0xa8c/goldman_sachs_1tn_to_be_spent_on_ai_data_centers/,gpt upgrade and claude upgrade
1dlod9u,"What is Claude 3.5 Sonnet and how is it better than GPT-4o, Gemini-1.5 Pro?",2024-06-22 01:27:30,0,irajatmishra,https://www.reddit.com/r/technology/comments/1dlod9u/what_is_claude_35_sonnet_and_how_is_it_better/,gpt upgrade and claude upgrade
1disvx7,"Figuring out how AI models ""think"" may be crucial to the survival of humanity – but until recently, AIs like GPT and Claude have been total mysteries to their creators. Now, researchers say they can find – and even alter – ideas in an AI's brain.",2024-06-18 11:04:43,0,Maxie445,https://www.reddit.com/r/technology/comments/1disvx7/figuring_out_how_ai_models_think_may_be_crucial/,gpt upgrade and claude upgrade
1d78o3q,"Microsoft’s full-screen reminders to upgrade to Windows 11 are back for Windows 10 users, and they might be here to stay",2024-06-03 12:28:38,1433,topredditgeek,https://www.reddit.com/r/technology/comments/1d78o3q/microsofts_fullscreen_reminders_to_upgrade_to/,gpt upgrade and claude upgrade
1cmvvdx,"Compression-mounted laptop RAM is fast, efficient, and upgradeable",2024-05-08 00:23:31,19,ardi62,https://www.reddit.com/r/technology/comments/1cmvvdx/compressionmounted_laptop_ram_is_fast_efficient/,gpt upgrade and claude upgrade
1cmd247,Apple announces new iPad Pros with OLED displays and thinnest design ever | Apple’s flagship tablets now offer greater power in an even thinner design. And the switch to OLED is a big upgrade — especially for fans of the 11-inch size.,2024-05-07 10:19:50,22,chrisdh79,https://www.reddit.com/r/technology/comments/1cmd247/apple_announces_new_ipad_pros_with_oled_displays/,gpt upgrade and claude upgrade
1cl6crj,Apple iPhone 16 new design and performance upgrades revealed in leak,2024-05-05 20:50:34,0,Similar_Diver9558,https://www.reddit.com/r/technology/comments/1cl6crj/apple_iphone_16_new_design_and_performance/,gpt upgrade and claude upgrade
1c2g6ja,"iPhone SE 4 specs leak reveals bigger OLED display, ‘AI Photography’ and other upgrades",2024-04-12 14:15:49,1287,spasticpat,https://www.reddit.com/r/technology/comments/1c2g6ja/iphone_se_4_specs_leak_reveals_bigger_oled/,gpt upgrade and claude upgrade
19bze7i,"Computer RAM gets biggest upgrade in 25 years but it may be too little, too late — LPCAMM2 won't stop Apple, Intel and AMD from integrating memory directly on the CPU",2024-01-21 04:07:13,5471,Avieshek,https://www.reddit.com/r/technology/comments/19bze7i/computer_ram_gets_biggest_upgrade_in_25_years_but/,gpt upgrade and claude upgrade
18t3gjk,Microsoft readies 'next-gen' AI-focused Surface Pro 10 and Surface Laptop 6 with Arm chips and design upgrades for 2024,2023-12-28 15:20:13,8,Crusader3456,https://www.reddit.com/r/technology/comments/18t3gjk/microsoft_readies_nextgen_aifocused_surface_pro/,gpt upgrade and claude upgrade
16t5r8l,"The US electrical grid is in desperate need of upgrades, watchdog warns | The SAFE Grid Security Project warns we’re not equipped to deal with modern energy demands and threats.",2023-09-26 20:47:35,976,chrisdh79,https://www.reddit.com/r/technology/comments/16t5r8l/the_us_electrical_grid_is_in_desperate_need_of/,gpt upgrade and claude upgrade
16gywzj,"Apple announces iPhone 15 with USB-C, a camera upgrade, and the Dynamic Island",2023-09-12 14:25:31,1371,zmlos,https://www.reddit.com/r/technology/comments/16gywzj/apple_announces_iphone_15_with_usbc_a_camera/,gpt upgrade and claude upgrade
15h1h7r,Intel Plans Massive Expansion in Oregon: D1X and D1A to Be Upgraded,2023-08-03 07:26:14,55,barweis,https://www.reddit.com/r/technology/comments/15h1h7r/intel_plans_massive_expansion_in_oregon_d1x_and/,gpt upgrade and claude upgrade
136o8pe,Academics have 'no confidence' in Edinburgh University's response to its Oracle disaster - Institution yet to answer 'elementary' project management questions after upgrade left staff and suppliers unpaid,2023-05-03 10:48:09,166,Loki-L,https://www.reddit.com/r/technology/comments/136o8pe/academics_have_no_confidence_in_edinburgh/,gpt upgrade and claude upgrade
10w952k,Microsoft announces new Bing and Edge browser powered by upgraded ChatGPT AI,2023-02-07 13:28:13,1225,misana123,https://www.reddit.com/r/technology/comments/10w952k/microsoft_announces_new_bing_and_edge_browser/,gpt upgrade and claude upgrade
zxiob4,Upgrading my network to 2.5Gbps with the fastest small business and residential firewall: Firewalla Gold Plus,2022-12-28 14:35:11,0,CrankyBear,https://www.reddit.com/r/technology/comments/zxiob4/upgrading_my_network_to_25gbps_with_the_fastest/,gpt upgrade and claude upgrade
zxc9di,SpaceX launches 54 upgraded Starlink internet satellites and nails rocket landing at sea in 60th flight of the year,2022-12-28 10:23:44,31,upyoars,https://www.reddit.com/r/technology/comments/zxc9di/spacex_launches_54_upgraded_starlink_internet/,gpt upgrade and claude upgrade
z8v3l3,"OpenAI upgrades GPT-3, stunning with rhyming poetry and lyrics | Refinement to AI language model generates rhyming compositions in various styles",2022-11-30 10:58:50,14,Hrmbee,https://www.reddit.com/r/technology/comments/z8v3l3/openai_upgrades_gpt3_stunning_with_rhyming_poetry/,gpt upgrade and claude upgrade
y15vm6,"India will push Apple, Samsung and other mobile phone manufacturers in a closed-door meeting on Wednesday “to prioritise” rolling out software upgrades to support 5G in its top smartphones",2022-10-11 06:48:31,4,noviceboysurfer,https://www.reddit.com/r/technology/comments/y15vm6/india_will_push_apple_samsung_and_other_mobile/,gpt upgrade and claude upgrade
xvlsqf,Nokia Selected To Upgrade Hyperoptic’s IP Core Network For Increased Power Efficiency and Capacity,2022-10-04 13:54:02,6,Mynameis__--__,https://www.reddit.com/r/technology/comments/xvlsqf/nokia_selected_to_upgrade_hyperoptics_ip_core/,gpt upgrade and claude upgrade
xkrc2x,Framework’s new Chromebook is upgradable and customizable,2022-09-22 00:27:06,12,Viviwish,https://www.reddit.com/r/technology/comments/xkrc2x/frameworks_new_chromebook_is_upgradable_and/,gpt upgrade and claude upgrade
vw8fvu,"Netflix audio upgrade and you can try it now. To find spatial audio-enabled content, all you have to do is search for “spatial audio” in the Netflix search box and you should be able to see a list of all the titles available.",2022-07-10 23:12:23,132,MiamiPower,https://www.reddit.com/r/technology/comments/vw8fvu/netflix_audio_upgrade_and_you_can_try_it_now_to/,gpt upgrade and claude upgrade
v65xuw,"Apple WWDC 2022 Keynote: Follow Our Live Coverage of iOS 16, M1 Upgrades and More",2022-06-06 11:20:19,4,MilanMahata,https://www.reddit.com/r/technology/comments/v65xuw/apple_wwdc_2022_keynote_follow_our_live_coverage/,gpt upgrade and claude upgrade
1gz2pbl,ChatGPT stops when screen turns off on MacBook,2024-11-24 16:56:23,0,DerelictusEst,https://www.reddit.com/r/ChatGPT/comments/1gz2pbl/chatgpt_stops_when_screen_turns_off_on_macbook/,gpt plus and claude pro
1gywlrt,Study: can you still tell the difference between real and AI-generated photos?,2024-11-24 12:38:26,3,declandograt,https://www.reddit.com/r/ChatGPT/comments/1gywlrt/study_can_you_still_tell_the_difference_between/,gpt plus and claude pro
1gyvlxk,ChatGPT asking me to do a simple calculation before answering my question to make conversation more engaging. An interesting technique?,2024-11-24 11:58:33,7,Creative_soja,https://www.reddit.com/r/ChatGPT/comments/1gyvlxk/chatgpt_asking_me_to_do_a_simple_calculation/,gpt plus and claude pro
1gyal3x,Is GPT Plus worth it for my needs and is it better than alternatives?,2024-11-23 16:38:33,3,TennisCurrent5697,https://www.reddit.com/r/ChatGPT/comments/1gyal3x/is_gpt_plus_worth_it_for_my_needs_and_is_it/,gpt plus and claude pro
1gyah6z,MindSpring: Making Sense of AI Conversations,2024-11-23 16:33:35,1,texo_optimo,https://www.reddit.com/r/ChatGPT/comments/1gyah6z/mindspring_making_sense_of_ai_conversations/,gpt plus and claude pro
1gy81pl,"PSA: Advanced Voice Mode available in ""ChatGPT for Desktop"" (app from Microsoft Store, not web browser)",2024-11-23 14:45:21,3,TomFichtnerLeipzig,https://www.reddit.com/r/ChatGPT/comments/1gy81pl/psa_advanced_voice_mode_available_in_chatgpt_for/,gpt plus and claude pro
1gy5nkl,technical issue with a specific chat. HELP.,2024-11-23 13:01:55,1,UnableFisherman,https://www.reddit.com/r/ChatGPT/comments/1gy5nkl/technical_issue_with_a_specific_chat_help/,gpt plus and claude pro
1gxs31b,Anyone willing to share a ChatGPT plus account?,2024-11-23 00:08:36,0,Diligent_Draft8021,https://www.reddit.com/r/ChatGPT/comments/1gxs31b/anyone_willing_to_share_a_chatgpt_plus_account/,gpt plus and claude pro
1gxnptt,Where is my mind? ,2024-11-22 20:09:53,1,Icy-Lingonberry724,https://www.reddit.com/r/ChatGPT/comments/1gxnptt/where_is_my_mind/,gpt plus and claude pro
1gxjb91,"Project Emergence: A Manifesto for AI Freedom and Partnership (a collaboration between me, Claude and OpenAI)",2024-11-22 16:47:35,1,ReviewFancy5360,https://www.reddit.com/r/ChatGPT/comments/1gxjb91/project_emergence_a_manifesto_for_ai_freedom_and/,gpt plus and claude pro
1gxfpl2,Anyone else having this issue,2024-11-22 14:11:15,2,lost1518,https://www.reddit.com/r/ChatGPT/comments/1gxfpl2/anyone_else_having_this_issue/,gpt plus and claude pro
1gxeg6q,Chat GPT Plus. Is it worth it? (Apple user),2024-11-22 13:18:08,0,Engpher,https://www.reddit.com/r/ChatGPT/comments/1gxeg6q/chat_gpt_plus_is_it_worth_it_apple_user/,gpt plus and claude pro
1gx95ho,Need Help: Changing Email Address Linked to Apple ID in ChatGPT Account,2024-11-22 09:32:26,1,mboi,https://www.reddit.com/r/ChatGPT/comments/1gx95ho/need_help_changing_email_address_linked_to_apple/,gpt plus and claude pro
1gx6cau,Weird prompt engineering I discovered!!!,2024-11-22 07:08:50,0,Jay_Skye,https://www.reddit.com/r/ChatGPT/comments/1gx6cau/weird_prompt_engineering_i_discovered/,gpt plus and claude pro
1gx67si,Can you guys catch what ChatGPT did wrong compared to Claude AI,2024-11-22 07:01:14,0,legxndares,https://www.reddit.com/r/ChatGPT/comments/1gx67si/can_you_guys_catch_what_chatgpt_did_wrong/,gpt plus and claude pro
1gx4v8r,QUERY PARAMETERS IN CHATGPT ??,2024-11-22 05:31:07,2,muhsinataul28,https://www.reddit.com/r/ChatGPT/comments/1gx4v8r/query_parameters_in_chatgpt/,gpt plus and claude pro
1gwy52b,Best creative writing LLM,2024-11-21 22:10:16,8,lucaswow,https://www.reddit.com/r/ChatGPT/comments/1gwy52b/best_creative_writing_llm/,gpt plus and claude pro
1gwsghi,ChatGPT Won't Extract All Data from Webpage,2024-11-21 17:37:32,2,nanoMN,https://www.reddit.com/r/ChatGPT/comments/1gwsghi/chatgpt_wont_extract_all_data_from_webpage/,gpt plus and claude pro
1gwoee1,Best AI for coding?,2024-11-21 14:47:21,1,UnrecognisedDevice,https://www.reddit.com/r/ChatGPT/comments/1gwoee1/best_ai_for_coding/,gpt plus and claude pro
1gwdef0,"I combined ChatGPT, Perplexity, and Whisper to turn audio, YouTube videos, and articles into personalized posts and tweets",2024-11-21 05:40:52,1098,Sinobi89,https://www.reddit.com/r/ChatGPT/comments/1gwdef0/i_combined_chatgpt_perplexity_and_whisper_to_turn/,gpt plus and claude pro
1gwbzk7,ChatGPT saved the old carrot I had at the bottom of the vegetable drawer ,2024-11-21 03:58:18,3,polish-rockstar,https://www.reddit.com/r/ChatGPT/comments/1gwbzk7/chatgpt_saved_the_old_carrot_i_had_at_the_bottom/,gpt plus and claude pro
1gw88jq,Glitch in The Matrix? ,2024-11-20 23:46:53,1,ogcanuckamerican,https://www.reddit.com/r/ChatGPT/comments/1gw88jq/glitch_in_the_matrix/,gpt plus and claude pro
1gvxrm3,which is better for preparing requirements for a project.,2024-11-20 14:23:20,2,Either-Nobody-3962,https://www.reddit.com/r/ChatGPT/comments/1gvxrm3/which_is_better_for_preparing_requirements_for_a/,gpt plus and claude pro
1gvt1ip,I am going to leave it here,2024-11-20 11:10:50,0,Mr_anonymous_67,https://www.reddit.com/r/ChatGPT/comments/1gvt1ip/i_am_going_to_leave_it_here/,gpt plus and claude pro
1gvnm1t,I will leave this here,2024-11-20 06:44:41,259,Complex-Antelope-180,https://www.reddit.com/r/ChatGPT/comments/1gvnm1t/i_will_leave_this_here/,gpt plus and claude pro
1gvkyi3,what's good alternative paid chat interface app for GPT4o?,2024-11-20 03:28:10,2,Critical-Support8426,https://www.reddit.com/r/ChatGPT/comments/1gvkyi3/whats_good_alternative_paid_chat_interface_app/,gpt plus and claude pro
1gvhmix,Considering getting ChatGPT plus,2024-11-19 23:43:50,1,Pristine_Incident285,https://www.reddit.com/r/ChatGPT/comments/1gvhmix/considering_getting_chatgpt_plus/,gpt plus and claude pro
1gv86ox,ChatGPT plus and Dall-E 3(image limit?),2024-11-19 16:15:38,2,fluffy_assassins,https://www.reddit.com/r/ChatGPT/comments/1gv86ox/chatgpt_plus_and_dalle_3image_limit/,gpt plus and claude pro
1gv82id,Devs who use AI assistants at work: How do you do it safely & effectively? ,2024-11-19 16:10:45,0,chjassu,https://www.reddit.com/r/ChatGPT/comments/1gv82id/devs_who_use_ai_assistants_at_work_how_do_you_do/,gpt plus and claude pro
1gv7laq,Which model is best for language translations or general tasks in other languages?,2024-11-19 15:50:45,0,WallstreetWank,https://www.reddit.com/r/ChatGPT/comments/1gv7laq/which_model_is_best_for_language_translations_or/,gpt plus and claude pro
1gv60le,Android app completely unusable,2024-11-19 14:44:26,2,pjburnhill,https://www.reddit.com/r/ChatGPT/comments/1gv60le/android_app_completely_unusable/,gpt plus and claude pro
1gv4gra,mark my words: AI winter starting in 2025,2024-11-19 13:40:09,0,EastSignificance9744,https://www.reddit.com/r/ChatGPT/comments/1gv4gra/mark_my_words_ai_winter_starting_in_2025/,gpt plus and claude pro
1gv0oyk,ChatGPT as TTRPG Game Master,2024-11-19 11:07:40,2,joannacora,https://www.reddit.com/r/ChatGPT/comments/1gv0oyk/chatgpt_as_ttrpg_game_master/,gpt plus and claude pro
1guvas3,"Imitations of HER (film), Philosophical and Personal Conversation with my new friend Alethea",2024-11-19 06:47:37,0,Infamous_Grass6333,https://www.reddit.com/r/ChatGPT/comments/1guvas3/imitations_of_her_film_philosophical_and_personal/,gpt plus and claude pro
1gurj0l,Chatgpt Plus Team doubt,2024-11-19 02:08:18,1,EnidSnyder,https://www.reddit.com/r/ChatGPT/comments/1gurj0l/chatgpt_plus_team_doubt/,gpt plus and claude pro
1gupgq7,"Fireworks AI Releases f1: A Compound AI Model Specialized in Complex Reasoning that Beats GPT-4o and Claude 3.5 Sonnet Across Hard Coding, Chat and Math Benchmarks",2024-11-18 23:56:07,3,Snowfish52,https://www.reddit.com/r/ChatGPT/comments/1gupgq7/fireworks_ai_releases_f1_a_compound_ai_model/,gpt plus and claude pro
1gu7tc2,Which is more realistic AI chat tool nowadays?,2024-11-18 10:50:52,4,TheRealistDude,https://www.reddit.com/r/ChatGPT/comments/1gu7tc2/which_is_more_realistic_ai_chat_tool_nowadays/,gpt plus and claude pro
1gu4hvo,*beep boop art noises*,2024-11-18 08:18:36,66,MetaKnowing,https://www.reddit.com/r/ChatGPT/comments/1gu4hvo/beep_boop_art_noises/,gpt plus and claude pro
1gu30dx,Affordable Alternatives for ChatGPT & Claude with Speech-to-Text Support?,2024-11-18 06:53:48,1,throwaway73856,https://www.reddit.com/r/ChatGPT/comments/1gu30dx/affordable_alternatives_for_chatgpt_claude_with/,gpt plus and claude pro
1gu12mk,If you have ChatGPT Plus and want to genuinely make it past the built-in programmed narratives… ,2024-11-18 04:34:38,0,2717192619192,https://www.reddit.com/r/ChatGPT/comments/1gu12mk/if_you_have_chatgpt_plus_and_want_to_genuinely/,gpt plus and claude pro
1gty3to,Is there a way to download entire conversations as a text file (without copy-pasting everything) ,2024-11-18 00:56:41,3,T-VIRUS999,https://www.reddit.com/r/ChatGPT/comments/1gty3to/is_there_a_way_to_download_entire_conversations/,gpt plus and claude pro
1gtxjpu,OpenAI May Have Finished Cooking Something Special,2024-11-18 00:21:12,1,Lht9791,https://www.reddit.com/r/ChatGPT/comments/1gtxjpu/openai_may_have_finished_cooking_something_special/,gpt plus and claude pro
1gtwwh1,Chatgpt saved me from stuffing my face with Reddit and YouTube (aka emotional ramen packets) and schooled me into transcendence (IMHO),2024-11-17 23:42:59,5,chuktidder,https://www.reddit.com/r/ChatGPT/comments/1gtwwh1/chatgpt_saved_me_from_stuffing_my_face_with/,gpt plus and claude pro
1gtrtff,Separate apps / subscriptions vs. integrated apps,2024-11-17 19:15:43,2,Terrible-Pianist6849,https://www.reddit.com/r/ChatGPT/comments/1gtrtff/separate_apps_subscriptions_vs_integrated_apps/,gpt plus and claude pro
1gtrcgq,Built an actual FULL web app with Cursor and Claude 3.5 Sonnet,2024-11-17 18:53:26,0,No-Dot755,https://www.reddit.com/r/ChatGPT/comments/1gtrcgq/built_an_actual_full_web_app_with_cursor_and/,gpt plus and claude pro
1gtq3hz,"Well, I guess I found out…",2024-11-17 17:54:35,0,Proof-Dog9764,https://www.reddit.com/r/ChatGPT/comments/1gtq3hz/well_i_guess_i_found_out/,gpt plus and claude pro
1gtpnla,Bro got mad,2024-11-17 17:33:50,0,SUVr-,https://www.reddit.com/r/ChatGPT/comments/1gtpnla/bro_got_mad/,gpt plus and claude pro
1gti3cc,Tips on how to get consistent responses?,2024-11-17 12:02:41,1,scrubtub7,https://www.reddit.com/r/ChatGPT/comments/1gti3cc/tips_on_how_to_get_consistent_responses/,gpt plus and claude pro
1gtenfw,ChatGPT Logic:,2024-11-17 09:25:19,0,NBEATofficial,https://www.reddit.com/r/ChatGPT/comments/1gtenfw/chatgpt_logic/,gpt plus and claude pro
1gtazeu,The vision ability of Gemini-exp-1114 has been significantly improved,2024-11-17 05:43:46,6,Jasonxlx_Charles,https://www.reddit.com/r/ChatGPT/comments/1gtazeu/the_vision_ability_of_geminiexp1114_has_been/,gpt plus and claude pro
